Timestamp,HipCenterX,HipCenterY,HipCenterZ,SpineX,SpineY,SpineZ,ShoulderCenterX,ShoulderCenterY,ShoulderCenterZ,HeadX,HeadY,HeadZ,ShoulderLeftX,ShoulderLeftY,ShoulderLeftZ,ElbowLeftX,ElbowLeftY,ElbowLeftZ,WristLeftX,WristLeftY,WristLeftZ,HandLeftX,HandLeftY,HandLeftZ,ShoulderRightX,ShoulderRightY,ShoulderRightZ,ElbowRightX,ElbowRightY,ElbowRightZ,WristRightX,WristRightY,WristRightZ,HandRightX,HandRightY,HandRightZ,HipLeftX,HipLeftY,HipLeftZ,KneeLeftX,KneeLeftY,KneeLeftZ,AnkleLeftX,AnkleLeftY,AnkleLeftZ,FootLeftX,FootLeftY,FootLeftZ,HipRightX,HipRightY,HipRightZ,KneeRightX,KneeRightY,KneeRightZ,AnkleRightX,AnkleRightY,AnkleRightZ,FootRightX,FootRightY,FootRightZ,User-ID,Action,
48089111.8483,-0.02719701,-0.3450873,2.767535,-0.02393068,-0.2953743,2.780372,-0.02040932,-0.04528642,2.775516,-0.02978321,0.09773475,2.743116,-0.1533373,-0.1205522,2.807553,-0.1852556,-0.2945244,2.824518,-0.2007816,-0.4360955,2.796949,-0.2162314,-0.4734355,2.779267,0.1024575,-0.1276253,2.768033,0.138842,-0.3030379,2.770501,0.1334504,-0.4453758,2.726771,0.1328346,-0.4866983,2.71833,-0.08373937,-0.4011644,2.770539,-0.09056561,-0.6775415,2.773828,-0.102259,-0.8664892,2.766437,-0.1409591,-0.9167336,2.75764,0.02842423,-0.403816,2.758654,0.04443791,-0.6922434,2.743957,0.06731731,-0.874763,2.733039,0.09815656,-0.9202979,2.740868,595,Lift-your-leg-to-one-side,
48089143.8502,-0.0279176,-0.3461246,2.768055,-0.02446057,-0.2963871,2.780756,-0.020918,-0.04640831,2.77406,-0.03157933,0.09716266,2.742078,-0.1527921,-0.1226338,2.808605,-0.17779,-0.297811,2.825183,-0.1943393,-0.4483389,2.793614,-0.2096255,-0.4822006,2.773643,0.1013827,-0.127679,2.767332,0.1363525,-0.3021722,2.77829,0.1281656,-0.430114,2.73258,0.1275499,-0.471436,2.724139,-0.08483748,-0.4022008,2.772931,-0.09195715,-0.6813223,2.774727,-0.1015774,-0.8672165,2.766283,-0.1405971,-0.9164225,2.750377,0.02724824,-0.4050236,2.758583,0.04376714,-0.6942638,2.744856,0.06768657,-0.8758084,2.733161,0.09928358,-0.9218569,2.741159,595,Lift-your-leg-to-one-side,
48089179.8522,-0.02867444,-0.3475403,2.769136,-0.02475424,-0.2974881,2.781291,-0.02098744,-0.04670421,2.773304,-0.03309561,0.09697921,2.740915,-0.1526242,-0.1237937,2.810115,-0.1749257,-0.2992879,2.826923,-0.1932602,-0.4486012,2.793326,-0.2072543,-0.4823762,2.77229,0.09852671,-0.1288661,2.763845,0.1349251,-0.301096,2.784805,0.1277346,-0.4278195,2.734876,0.1271188,-0.4691409,2.726436,-0.08594247,-0.4034265,2.776391,-0.09210205,-0.6818972,2.774892,-0.1025225,-0.8686556,2.766528,-0.140444,-0.9164919,2.748648,0.02613459,-0.4064915,2.758906,0.04385,-0.6945394,2.744995,0.06768129,-0.8760532,2.733124,0.09287662,-0.9176564,2.722354,595,Lift-your-leg-to-one-side,
48089211.854,-0.02914692,-0.347989,2.769853,-0.02517415,-0.2979802,2.781639,-0.02149332,-0.04745595,2.772767,-0.03399824,0.09669433,2.740189,-0.1524035,-0.1250604,2.810458,-0.172735,-0.3002845,2.829731,-0.1916384,-0.4463114,2.793698,-0.204811,-0.4796159,2.77142,0.09777137,-0.1289766,2.76276,0.1348708,-0.3008736,2.784514,0.1261309,-0.4322851,2.735514,0.1255151,-0.473606,2.727074,-0.08662154,-0.4043386,2.779004,-0.09189524,-0.6815949,2.775199,-0.1023831,-0.8682539,2.76664,-0.1397914,-0.9145257,2.749865,0.02572562,-0.4066341,2.758961,0.04410676,-0.6948504,2.744894,0.06788544,-0.8762273,2.733052,0.05834387,-0.90106,2.680831,595,Lift-your-leg-to-one-side,
48089243.8559,-0.02913956,-0.3492869,2.770047,-0.02520288,-0.2992637,2.781446,-0.02145217,-0.04837237,2.77195,-0.03447954,0.0956374,2.739713,-0.1518416,-0.1265819,2.810791,-0.1709381,-0.3016611,2.831365,-0.190285,-0.4458455,2.794021,-0.2030797,-0.4790526,2.771381,0.09786317,-0.1295256,2.762664,0.1351004,-0.3011614,2.785397,0.1260286,-0.4323618,2.735559,0.1254129,-0.4736821,2.727118,-0.08650914,-0.4052115,2.779482,-0.09193359,-0.682362,2.77598,-0.1025951,-0.8690106,2.765752,-0.139411,-0.9142098,2.74583,0.02552403,-0.4083613,2.758695,0.04503177,-0.6972578,2.744508,0.06977525,-0.8784338,2.734403,0.06012339,-0.9033319,2.682234,595,Lift-your-leg-to-one-side,
48089279.8579,-0.02831467,-0.3495371,2.770438,-0.02447245,-0.2995701,2.78143,-0.02070015,-0.04897109,2.77158,-0.03515552,0.09403463,2.739198,-0.1512086,-0.1277541,2.811118,-0.1649376,-0.3034261,2.831277,-0.1847816,-0.4497435,2.793337,-0.1973739,-0.4826991,2.770222,0.09840759,-0.1296377,2.762613,0.1352857,-0.3013348,2.785411,0.1261732,-0.4322813,2.735627,0.1255575,-0.4736009,2.727187,-0.08535418,-0.4055336,2.779889,-0.09171587,-0.6834126,2.775841,-0.1033994,-0.8695871,2.765782,-0.1417555,-0.9180738,2.752695,0.02607312,-0.4085354,2.759022,0.04544006,-0.6974847,2.744336,0.07030771,-0.8783694,2.734581,0.08604813,-0.9220672,2.716573,595,Lift-your-leg-to-one-side,
48089311.8598,-0.02771304,-0.3500007,2.77059,-0.02397849,-0.2999768,2.781201,-0.02043611,-0.04910891,2.771326,-0.03527685,0.09383065,2.739032,-0.1505596,-0.1284414,2.811086,-0.1619758,-0.3040091,2.832459,-0.1815529,-0.447905,2.793548,-0.1939028,-0.4807371,2.77013,0.09848335,-0.1300879,2.762031,0.136544,-0.3017689,2.783798,0.1258889,-0.4333375,2.735267,0.1252732,-0.4746565,2.726827,-0.08440414,-0.406315,2.780606,-0.09077135,-0.684546,2.775964,-0.1032596,-0.8696095,2.765827,-0.141654,-0.9179707,2.752319,0.02655167,-0.4087079,2.758788,0.04535421,-0.6975178,2.743431,0.07058128,-0.8782787,2.734694,0.06071153,-0.9032573,2.682605,595,Lift-your-leg-to-one-side,
48089343.8616,-0.02722327,-0.3497231,2.770663,-0.02349858,-0.2998208,2.780971,-0.02035888,-0.04916462,2.771375,-0.03527503,0.09382889,2.738935,-0.1501157,-0.1289798,2.813902,-0.1594701,-0.304793,2.834718,-0.178536,-0.4415122,2.793701,-0.1908163,-0.4741668,2.770001,0.09898717,-0.1312701,2.761146,0.1369559,-0.3027884,2.783689,0.1304261,-0.4298989,2.73488,0.1298104,-0.4712173,2.726441,-0.08377971,-0.40627,2.781115,-0.09063593,-0.6847914,2.775939,-0.1030852,-0.8698208,2.765633,-0.1414741,-0.9181561,2.752985,0.02731765,-0.4082295,2.758035,0.04555698,-0.6973796,2.743245,0.07071077,-0.8789229,2.734719,0.06011245,-0.9039095,2.682777,595,Lift-your-leg-to-one-side,
48089379.8637,-0.02621932,-0.350205,2.770659,-0.02258683,-0.3002439,2.780748,-0.01976543,-0.04920278,2.771415,-0.03524605,0.09362464,2.739136,-0.1488943,-0.1297403,2.813706,-0.1561488,-0.3060046,2.832894,-0.175148,-0.4433163,2.791679,-0.1874014,-0.4759258,2.767904,0.09900924,-0.1312558,2.760649,0.1372496,-0.3042948,2.775833,0.1288422,-0.4336155,2.73544,0.1282265,-0.4749334,2.727,-0.08231163,-0.4069654,2.781527,-0.08998113,-0.6858907,2.775874,-0.1025305,-0.8694422,2.765732,-0.1407531,-0.9183235,2.752616,0.02803929,-0.4082878,2.7575,0.0456444,-0.6979856,2.742786,0.07206227,-0.8809509,2.736123,0.06134825,-0.9059417,2.684206,595,Lift-your-leg-to-one-side,
48089411.8655,-0.02548703,-0.3503957,2.770464,-0.02190771,-0.3004336,2.780377,-0.01925798,-0.04925252,2.771341,-0.03534069,0.09366843,2.739039,-0.1479174,-0.1305565,2.813542,-0.1550115,-0.306684,2.833396,-0.1587012,-0.4350452,2.780333,-0.1709013,-0.4675598,2.756402,0.1008036,-0.1309008,2.759722,0.1387658,-0.3044142,2.77268,0.1290377,-0.4339346,2.733528,0.1284221,-0.4752519,2.725089,-0.08158992,-0.4070804,2.781387,-0.08900092,-0.6868644,2.775367,-0.1016514,-0.8690618,2.766205,-0.1408896,-0.9174008,2.752271,0.02885991,-0.4087887,2.756927,0.04821463,-0.7007169,2.74212,0.07334673,-0.882066,2.737834,0.06250712,-0.9070529,2.685942,595,Lift-your-leg-to-one-side,
48089443.8673,-0.02475278,-0.3503241,2.770307,-0.02123374,-0.3003971,2.780118,-0.01875237,-0.04921257,2.771446,-0.0353199,0.09364576,2.73906,-0.1470418,-0.1300067,2.813365,-0.1517036,-0.3068778,2.830003,-0.1577333,-0.4329025,2.77471,-0.1699526,-0.4654075,2.750777,0.1013043,-0.1306737,2.759031,0.1399091,-0.3042012,2.771102,0.1308814,-0.4343373,2.734517,0.1302657,-0.4756541,2.726078,-0.08065768,-0.4068421,2.781316,-0.08889502,-0.6872611,2.775382,-0.1014561,-0.8680592,2.766021,-0.1411952,-0.9168811,2.753252,0.02951425,-0.4087862,2.756382,0.04862207,-0.7002137,2.741761,0.07334448,-0.8819963,2.737747,0.09159567,-0.9259382,2.722999,595,Lift-your-leg-to-one-side,
48089479.8694,-0.02403183,-0.3506245,2.769985,-0.02062266,-0.3006667,2.779763,-0.01854198,-0.04925667,2.771444,-0.03563102,0.09288792,2.739501,-0.1464148,-0.1300003,2.813224,-0.1495938,-0.3078707,2.824522,-0.1557396,-0.4345991,2.77038,-0.1679723,-0.4670995,2.746449,0.1021593,-0.1301839,2.758447,0.1414483,-0.3038865,2.768564,0.1306492,-0.4344212,2.734656,0.1300336,-0.4757373,2.726216,-0.07973325,-0.4072802,2.781135,-0.0886352,-0.6894476,2.775659,-0.1013136,-0.8680197,2.765937,-0.1395997,-0.917039,2.751237,0.03028994,-0.4091609,2.755483,0.04849976,-0.7002577,2.741158,0.07190335,-0.8799469,2.733955,0.06086533,-0.9049081,2.682092,595,Lift-your-leg-to-one-side,
48089511.8712,-0.02354079,-0.3506257,2.769618,-0.02000586,-0.3006185,2.779322,-0.01687013,-0.04846328,2.771208,-0.03584682,0.09396839,2.739085,-0.1452735,-0.1297448,2.813011,-0.1490598,-0.3076939,2.823752,-0.1552836,-0.4351853,2.76988,-0.1675202,-0.4676839,2.74595,0.1023928,-0.1298458,2.757967,0.1422729,-0.303833,2.765371,0.1330077,-0.4349105,2.733836,0.1323921,-0.4762258,2.725396,-0.07928205,-0.4072484,2.78104,-0.08825956,-0.6895936,2.775919,-0.1010418,-0.8684034,2.765741,-0.1373104,-0.9159056,2.744943,0.03057441,-0.4090443,2.754444,0.04807463,-0.7001312,2.740591,0.07169636,-0.8791794,2.733928,0.06056333,-0.9041178,2.682076,595,Lift-your-leg-to-one-side,
48089543.873,-0.02276665,-0.3500793,2.769226,-0.01895081,-0.3000979,2.778925,-0.01415611,-0.04777014,2.771226,-0.03554817,0.09404792,2.739411,-0.1443879,-0.1299443,2.813819,-0.1480371,-0.3076563,2.825995,-0.1555318,-0.4354627,2.769939,-0.1677706,-0.4679604,2.74601,0.1027694,-0.1295209,2.757687,0.1426737,-0.3036559,2.764019,0.1319615,-0.434519,2.731884,0.1313459,-0.4758338,2.723445,-0.07879039,-0.4070778,2.780991,-0.0877087,-0.6898876,2.775918,-0.1011413,-0.8686668,2.765423,-0.1400892,-0.9221908,2.753337,0.03107685,-0.4079918,2.753265,0.04776897,-0.6989843,2.739678,0.07148731,-0.8797727,2.733652,0.06010777,-0.9046585,2.681827,595,Lift-your-leg-to-one-side,
48089579.8751,-0.02160811,-0.3495492,2.768512,-0.017899,-0.2997102,2.778521,-0.01376644,-0.04760969,2.771497,-0.03487992,0.09489591,2.739513,-0.143421,-0.1301503,2.814396,-0.146497,-0.3080481,2.825524,-0.1551581,-0.4372249,2.767777,-0.1674006,-0.4697202,2.743847,0.1032615,-0.1291031,2.757351,0.1459497,-0.3026104,2.763437,0.1312161,-0.4329388,2.730503,0.1306006,-0.474253,2.722064,-0.07715812,-0.4065146,2.780354,-0.0874937,-0.6898267,2.776094,-0.1010964,-0.8681872,2.765981,-0.1415592,-0.9216704,2.759439,0.03206554,-0.407363,2.75174,0.04780795,-0.6982563,2.739219,0.07110148,-0.8797706,2.733115,0.05950963,-0.904605,2.681313,595,Lift-your-leg-to-one-side,
48089611.8769,-0.02087295,-0.3493131,2.767857,-0.01693275,-0.299508,2.778066,-0.01169033,-0.04723372,2.771537,-0.0346532,0.09532809,2.739677,-0.1424947,-0.1300549,2.814661,-0.1468954,-0.3072299,2.829731,-0.1548647,-0.4369216,2.768117,-0.1671087,-0.4694156,2.744187,0.1046792,-0.1292586,2.757321,0.1468204,-0.3030326,2.762429,0.1320858,-0.4331549,2.728391,0.1314702,-0.4744685,2.719952,-0.0767769,-0.4064296,2.780234,-0.08709206,-0.6894098,2.776306,-0.1011072,-0.8674306,2.76603,-0.1442496,-0.9192059,2.766571,0.03267084,-0.4075276,2.749806,0.04778955,-0.6977208,2.73852,0.0710216,-0.8796371,2.733158,0.08889962,-0.9210074,2.702962,595,Lift-your-leg-to-one-side,
48089643.8788,-0.01956894,-0.3471468,2.76703,-0.01539762,-0.2979402,2.777704,-0.01005108,-0.04721836,2.771904,-0.02948885,0.09614378,2.741552,-0.1410453,-0.129839,2.817152,-0.1466151,-0.3073908,2.829954,-0.153645,-0.4356427,2.774929,-0.1658932,-0.4681335,2.750998,0.1064949,-0.1289437,2.75682,0.1523158,-0.3021078,2.759372,0.133434,-0.4319108,2.726504,0.1328183,-0.473224,2.718065,-0.07598665,-0.4056078,2.780189,-0.08698465,-0.6892838,2.776362,-0.1000855,-0.8673716,2.766116,-0.1436458,-0.9187936,2.766859,0.03354682,-0.4051314,2.747509,0.0471442,-0.6963673,2.736917,0.07108598,-0.8792546,2.733153,0.08740623,-0.9187465,2.707549,595,Lift-your-leg-to-one-side,
48089679.8808,-0.01915077,-0.3470747,2.766454,-0.01486577,-0.2978925,2.777482,-0.009946692,-0.04718924,2.771883,-0.02936326,0.09674562,2.741689,-0.140574,-0.1298438,2.818316,-0.1463429,-0.3074558,2.830729,-0.1532489,-0.4360334,2.77655,-0.1654983,-0.4685231,2.752619,0.1072858,-0.1288695,2.756182,0.1536237,-0.3019565,2.758216,0.1344396,-0.4317282,2.725422,0.1338239,-0.4730408,2.716984,-0.07564358,-0.4056493,2.780073,-0.08661598,-0.688873,2.776155,-0.1005577,-0.8669056,2.765676,-0.1302195,-0.9044507,2.751819,0.03413945,-0.4055079,2.745657,0.04779057,-0.6977543,2.733074,0.07097661,-0.8790675,2.732789,0.05842593,-0.9037272,2.681127,595,Lift-your-leg-to-one-side,
48089711.8826,-0.01849423,-0.3459562,2.766011,-0.0137921,-0.2968325,2.777283,-0.007623048,-0.04634525,2.771685,-0.02717377,0.09709965,2.741853,-0.1400192,-0.1306181,2.819763,-0.1449288,-0.3073542,2.83703,-0.1519387,-0.4340736,2.781019,-0.1641898,-0.466562,2.757088,0.1090873,-0.1297978,2.755197,0.1654685,-0.2996014,2.754726,0.1376785,-0.4290983,2.723957,0.1370629,-0.4704102,2.715518,-0.07531092,-0.4051933,2.780166,-0.08645171,-0.6889222,2.775925,-0.1006337,-0.8669237,2.765688,-0.1331992,-0.9093773,2.751748,0.03438306,-0.4048025,2.744779,0.04699159,-0.6954194,2.73123,0.07118586,-0.8794416,2.733109,0.05822353,-0.9040605,2.681531,595,Lift-your-leg-to-one-side,
48089743.8845,-0.01773958,-0.3449214,2.765484,-0.01267725,-0.2960167,2.7771,-0.005999328,-0.0462524,2.771761,-0.02702938,0.09706762,2.742113,-0.1391316,-0.131734,2.822242,-0.1442754,-0.3072251,2.845216,-0.1511361,-0.4331611,2.782825,-0.163388,-0.465649,2.758895,0.1097428,-0.1295468,2.754839,0.1705679,-0.2917891,2.75321,0.1594799,-0.4206533,2.711789,0.1576825,-0.4514429,2.713389,-0.07471986,-0.4046187,2.780083,-0.08580986,-0.6888438,2.775695,-0.07435139,-0.8689375,2.757444,-0.1282442,-0.9085351,2.749095,0.03475382,-0.4038141,2.743703,0.04712519,-0.6946045,2.73079,0.07101904,-0.8793222,2.733155,0.05747887,-0.9038885,2.6817,595,Lift-your-leg-to-one-side,
48089779.8865,-0.01727716,-0.3442657,2.764831,-0.01196399,-0.2955399,2.776993,-0.004785873,-0.04602817,2.772228,-0.02619178,0.09713355,2.74311,-0.1383174,-0.1313135,2.823038,-0.1426963,-0.3033652,2.858685,-0.1495524,-0.4342953,2.789925,-0.1618054,-0.4667825,2.765995,0.1101932,-0.1292142,2.754709,0.1898095,-0.2719156,2.745986,0.1641866,-0.4022983,2.712903,0.163705,-0.4468635,2.708419,-0.07425676,-0.4042575,2.779743,-0.08559999,-0.6894272,2.775475,-0.08575875,-0.86838,2.760795,-0.1353269,-0.9126756,2.7497,0.03484778,-0.4027916,2.742091,0.04854702,-0.6952561,2.728824,0.07043914,-0.87899,2.732944,0.101855,-0.9292055,2.751215,595,Lift-your-leg-to-one-side,
48089811.8884,-0.01649985,-0.3433113,2.76443,-0.01082052,-0.294737,2.777104,-0.002645272,-0.04560678,2.77274,-0.02582122,0.09686629,2.742625,-0.1339869,-0.1287825,2.82488,-0.1425037,-0.3004897,2.861133,-0.1511932,-0.4306654,2.824179,-0.1634478,-0.463152,2.800251,0.1136739,-0.1275467,2.755886,0.1963047,-0.2662502,2.740216,0.168507,-0.3999315,2.704946,0.1738088,-0.4399892,2.692888,-0.07338259,-0.4031606,2.779283,-0.08494708,-0.6891172,2.775014,-0.09231695,-0.8691447,2.761714,-0.1391139,-0.9154478,2.747281,0.03518643,-0.4018841,2.741636,0.04730261,-0.6938263,2.728013,0.07028031,-0.8788633,2.733049,0.09441184,-0.9253438,2.700392,595,Lift-your-leg-to-one-side,
48089847.8904,-0.01499829,-0.3426791,2.763541,-0.009289082,-0.2942487,2.776908,-0.001019164,-0.04546219,2.772886,-0.02243474,0.09721231,2.743775,-0.1314134,-0.128627,2.825383,-0.1423362,-0.3003564,2.861139,-0.1513184,-0.4327314,2.824401,-0.1635729,-0.4652175,2.800472,0.119178,-0.1249717,2.759403,0.206246,-0.2574289,2.741193,0.175686,-0.3905301,2.697355,0.1776283,-0.4351602,2.688551,-0.07190575,-0.4024817,2.777644,-0.08441896,-0.6893674,2.774377,-0.09500315,-0.8697605,2.761875,-0.1402473,-0.9188765,2.752765,0.03669079,-0.401049,2.741103,0.0493727,-0.6930513,2.724924,0.07020541,-0.8781793,2.732132,0.05697855,-0.9025256,2.680489,595,Lift-your-leg-to-one-side,
48089879.8923,-0.01278127,-0.3406295,2.761985,-0.00732705,-0.2927367,2.776365,-0.0005960432,-0.04530243,2.772955,-0.02251681,0.09709372,2.743578,-0.1306621,-0.1282821,2.825963,-0.1422153,-0.3000937,2.861328,-0.1512268,-0.4334395,2.824792,-0.1634812,-0.4659253,2.800864,0.1220554,-0.1231278,2.760974,0.2237665,-0.2340876,2.73602,0.1870684,-0.3722466,2.68527,0.1873333,-0.4222005,2.676399,-0.06977011,-0.4007966,2.776327,-0.08388864,-0.6890007,2.773896,-0.09562221,-0.8697837,2.763401,-0.1394039,-0.9184991,2.748109,0.03928011,-0.3997138,2.73866,0.05046568,-0.6937518,2.723817,0.07041933,-0.877582,2.732146,0.05745558,-0.9018537,2.680401,595,Lift-your-leg-to-one-side,
48089911.8941,-0.009972339,-0.3376977,2.760729,-0.004443335,-0.2905914,2.775667,0.001940118,-0.04603269,2.771855,-0.01934816,0.09329441,2.743726,-0.1291647,-0.1272744,2.827982,-0.1411937,-0.2924325,2.881209,-0.1513947,-0.4342834,2.836727,-0.163649,-0.4667686,2.812799,0.1272562,-0.1214356,2.76224,0.2278973,-0.2270813,2.737271,0.1957332,-0.3651761,2.680633,0.1940562,-0.4125803,2.675682,-0.06791706,-0.3984877,2.774565,-0.08275175,-0.6865606,2.772586,-0.09562606,-0.8696776,2.763893,-0.1392742,-0.9185314,2.748062,0.04256292,-0.3972765,2.738219,0.05086849,-0.6904041,2.72382,0.07056366,-0.8773918,2.732358,0.057625,-0.9016417,2.680596,595,Lift-your-leg-to-one-side,
48089947.8961,-0.007584196,-0.3344143,2.760634,-0.001699915,-0.2879842,2.775737,0.006444396,-0.04665328,2.770596,-0.01611218,0.09099038,2.742478,-0.1262539,-0.126416,2.830343,-0.1424248,-0.2939273,2.876965,-0.1586478,-0.4250814,2.850372,-0.1709019,-0.4575661,2.826444,0.1409712,-0.1198707,2.762038,0.2398964,-0.2204162,2.738606,0.2118464,-0.3450735,2.679634,0.2067114,-0.3899289,2.6701,-0.06713816,-0.396765,2.774595,-0.08272053,-0.6859825,2.771976,-0.07440506,-0.8694015,2.758267,-0.1284892,-0.9085779,2.767361,0.04492258,-0.395608,2.738274,0.05225424,-0.6902301,2.722754,0.06974012,-0.8742172,2.730123,0.05683469,-0.8984852,2.678361,595,Lift-your-leg-to-one-side,
48089979.898,-0.004903296,-0.3335334,2.760285,0.001314677,-0.2871183,2.775703,0.009407109,-0.04628541,2.770364,-0.01383114,0.09168943,2.740625,-0.1217521,-0.1246684,2.830476,-0.1453433,-0.287706,2.885669,-0.1584098,-0.4176413,2.849742,-0.1706638,-0.4501256,2.825814,0.145466,-0.1197833,2.761835,0.2471651,-0.2125098,2.736543,0.2220235,-0.3334352,2.677187,0.2219145,-0.3802711,2.669083,-0.06434047,-0.395542,2.772779,-0.08249064,-0.6853839,2.771239,-0.08870265,-0.8701074,2.760824,-0.1385947,-0.9152629,2.757038,0.04835362,-0.3946995,2.739303,0.05254339,-0.6895417,2.722811,0.06978002,-0.874244,2.730293,0.05683564,-0.8984985,2.678534,595,Lift-your-leg-to-one-side,
48090011.8998,-0.0007897981,-0.3326813,2.760087,0.005492039,-0.2862469,2.775661,0.01316656,-0.0458199,2.769643,-0.01033518,0.09161231,2.74035,-0.1171005,-0.1227838,2.829286,-0.1474115,-0.2827184,2.88872,-0.1560337,-0.4157091,2.877291,-0.1667825,-0.4306228,2.839345,0.1485687,-0.1192579,2.761863,0.2593388,-0.2022513,2.733623,0.2311416,-0.3225765,2.674447,0.2302719,-0.36765,2.668943,-0.06043369,-0.3944775,2.771837,-0.08203255,-0.6844608,2.771182,-0.0903631,-0.8693375,2.761252,-0.1394947,-0.9154749,2.761142,0.05312837,-0.39372,2.740229,0.05511291,-0.6885576,2.722367,0.06874124,-0.8742024,2.729841,0.05596929,-0.8984911,2.678055,595,Lift-your-leg-to-one-side,
48090047.9019,0.002646096,-0.3328874,2.759587,0.00887413,-0.2863325,2.77526,0.01568895,-0.04568364,2.76874,-0.005130817,0.09061079,2.738142,-0.1145228,-0.1227032,2.828793,-0.1472991,-0.2792742,2.89388,-0.1581973,-0.4117689,2.87503,-0.168915,-0.4360825,2.842291,0.1538531,-0.1177956,2.760242,0.2618549,-0.200105,2.732412,0.240593,-0.3195405,2.667943,0.2371641,-0.3627881,2.657939,-0.05742705,-0.3946042,2.769973,-0.0819593,-0.684426,2.771077,-0.09191356,-0.8697234,2.761802,-0.1382657,-0.918501,2.757951,0.05807824,-0.3941197,2.74156,0.05755945,-0.688237,2.721797,0.06869671,-0.8744717,2.729928,0.05583193,-0.8987998,2.678183,595,Lift-your-leg-to-one-side,
48090079.9037,0.007165242,-0.3335513,2.758755,0.01397903,-0.2868228,2.77409,0.02441005,-0.04571532,2.765651,0.007336237,0.08801636,2.73686,-0.1102147,-0.1213077,2.827513,-0.1467692,-0.2772683,2.892174,-0.1599956,-0.4095329,2.87307,-0.1680615,-0.4467472,2.854963,0.1582382,-0.117619,2.759267,0.2677588,-0.1995112,2.726043,0.2418714,-0.3187345,2.66311,0.2394027,-0.3630686,2.658354,-0.05393434,-0.3946663,2.768042,-0.08201335,-0.6847309,2.770857,-0.09407604,-0.8700157,2.761599,-0.1393349,-0.919804,2.757682,0.06227536,-0.3950804,2.742488,0.05941388,-0.6891794,2.722062,0.06809028,-0.8743386,2.72989,0.05530956,-0.8987404,2.678159,595,Lift-your-leg-to-one-side,
48090111.9055,0.009852041,-0.3346438,2.75865,0.0168167,-0.287829,2.77381,0.02822075,-0.04649393,2.76503,0.01273895,0.0870553,2.734859,-0.1080244,-0.1216469,2.825979,-0.1450533,-0.2762206,2.892997,-0.1610464,-0.4080374,2.872141,-0.1665167,-0.4319119,2.856141,0.1619489,-0.1177065,2.758213,0.268356,-0.1993833,2.724418,0.2433861,-0.3188902,2.661681,0.2404038,-0.3635565,2.657733,-0.05238565,-0.3954636,2.767523,-0.08154076,-0.6841092,2.771394,-0.09563139,-0.8672674,2.761774,-0.1388359,-0.9189351,2.759252,0.06544728,-0.3967014,2.743213,0.06018448,-0.6886876,2.722356,0.06790628,-0.874188,2.729524,0.05527959,-0.8986059,2.677764,595,Lift-your-leg-to-one-side,
48090147.9076,0.01187126,-0.3356485,2.758506,0.0184937,-0.288665,2.773572,0.02893464,-0.04688588,2.76484,0.01684177,0.08627912,2.732503,-0.1066578,-0.1223536,2.824999,-0.1440787,-0.2767256,2.892213,-0.1615517,-0.4083863,2.871721,-0.1670613,-0.4339592,2.854625,0.166868,-0.1191936,2.757873,0.2700005,-0.2015634,2.721134,0.245682,-0.3195589,2.654856,0.243055,-0.3676742,2.648095,-0.05080225,-0.3965378,2.766958,-0.08123609,-0.684127,2.771765,-0.06933809,-0.868233,2.758216,-0.1234213,-0.9084128,2.76001,0.06861243,-0.3988173,2.743647,0.06170017,-0.6898391,2.7237,0.06766041,-0.8742421,2.729393,0.09109601,-0.9181813,2.730744,595,Lift-your-leg-to-one-side,
48090179.9094,0.01464776,-0.3364514,2.758178,0.02082593,-0.2893478,2.773204,0.02997248,-0.0472582,2.764587,0.02496795,0.08550196,2.731131,-0.1022095,-0.1227731,2.822157,-0.1415026,-0.2757125,2.891092,-0.1614999,-0.4070011,2.87045,-0.1679364,-0.4362385,2.85709,0.1691469,-0.1200973,2.757869,0.2712255,-0.2033778,2.719443,0.2453042,-0.3274048,2.648553,0.2414566,-0.3757092,2.641734,-0.04782649,-0.3972617,2.766338,-0.08062789,-0.6839678,2.772368,-0.06490921,-0.8696906,2.756014,-0.1204927,-0.9077948,2.757142,0.07145589,-0.399493,2.743568,0.06216313,-0.6899717,2.723813,0.06804643,-0.875142,2.730219,0.09304601,-0.9179315,2.735302,595,Lift-your-leg-to-one-side,
48090211.9112,0.01796544,-0.3384018,2.759061,0.02436977,-0.2913319,2.774205,0.0345228,-0.04906117,2.766213,0.02924738,0.08337238,2.727996,-0.09992928,-0.1237858,2.820546,-0.1384399,-0.2790406,2.885651,-0.1612181,-0.4099498,2.865894,-0.1675715,-0.4395346,2.858257,0.1718431,-0.1215342,2.756463,0.2712907,-0.2078246,2.717551,0.2449766,-0.3387534,2.641948,0.2397557,-0.3907533,2.631728,-0.04489145,-0.3988134,2.766383,-0.08015359,-0.6845777,2.772491,-0.09253703,-0.8645473,2.762956,-0.13514,-0.9165246,2.75785,0.07430918,-0.4015459,2.744968,0.06247333,-0.6898888,2.723963,0.06861257,-0.8753824,2.730554,0.0921656,-0.9191734,2.733614,595,Lift-your-leg-to-one-side,
48090247.9133,0.02049245,-0.3420377,2.759083,0.02710071,-0.2944683,2.774243,0.03914306,-0.05025546,2.76622,0.03143309,0.08243949,2.727652,-0.09580834,-0.1265264,2.817446,-0.1357307,-0.2812813,2.882818,-0.1596323,-0.4121466,2.865223,-0.1647658,-0.4386649,2.857903,0.1725831,-0.1272053,2.755196,0.2687638,-0.2285083,2.70978,0.24385,-0.3630961,2.630862,0.2355508,-0.4129443,2.622231,-0.04310828,-0.4008072,2.766211,-0.07998612,-0.6844491,2.772597,-0.05299217,-0.8667538,2.755858,-0.1108014,-0.9013878,2.754629,0.07602601,-0.4044433,2.745264,0.06343822,-0.6901101,2.724229,0.06878516,-0.8752827,2.730832,0.1014152,-0.9230707,2.748001,595,Lift-your-leg-to-one-side,
48090279.9151,0.02263001,-0.3475735,2.760709,0.02907068,-0.2993484,2.775283,0.04120592,-0.05312602,2.765736,0.03593662,0.08104533,2.727057,-0.09136958,-0.1277309,2.812503,-0.1306395,-0.2841191,2.8751,-0.1591415,-0.4142822,2.86236,-0.1640927,-0.4400331,2.85712,0.173888,-0.1345275,2.753731,0.2635074,-0.2502544,2.698079,0.2411406,-0.382965,2.617238,0.2326367,-0.4281343,2.61036,-0.04034952,-0.405492,2.768344,-0.08057404,-0.686441,2.772672,-0.0975612,-0.8724217,2.762363,-0.1375617,-0.9183271,2.750514,0.0774058,-0.4096738,2.74721,0.06472228,-0.6916945,2.724709,0.06853458,-0.8755732,2.730686,0.09238911,-0.9192551,2.732851,595,Lift-your-leg-to-one-side,
48090311.917,0.02595879,-0.3557301,2.763886,0.03235574,-0.3070443,2.77715,0.04525636,-0.06013596,2.764641,0.03972087,0.07887512,2.726027,-0.08781575,-0.1289158,2.808755,-0.1209064,-0.290382,2.863775,-0.1567021,-0.4186925,2.849792,-0.1614439,-0.4419714,2.851757,0.1738566,-0.1426152,2.751673,0.2508438,-0.2670838,2.68751,0.2315522,-0.4217781,2.587595,0.2251375,-0.462422,2.578391,-0.03640021,-0.411297,2.772185,-0.07959788,-0.6877439,2.773556,-0.06885259,-0.8704826,2.756681,-0.1236897,-0.9090418,2.749679,0.07987235,-0.4185685,2.751387,0.06571186,-0.6922791,2.725513,0.07112126,-0.877924,2.733964,0.09137648,-0.9223139,2.723908,595,Lift-your-leg-to-one-side,
48090347.919,0.02899083,-0.3618931,2.767097,0.03502941,-0.3127346,2.778807,0.04830629,-0.06496158,2.76403,0.0502927,0.07229746,2.722912,-0.08316188,-0.1304486,2.802962,-0.1166601,-0.2922186,2.857127,-0.1564619,-0.4194153,2.850004,-0.1588374,-0.4419588,2.845744,0.176144,-0.1551442,2.749602,0.2419151,-0.2901748,2.677193,0.2316654,-0.4317589,2.579812,0.2283343,-0.4826084,2.563772,-0.03245712,-0.4169323,2.777184,-0.07870749,-0.6895627,2.774504,-0.06747185,-0.8709019,2.756567,-0.1228381,-0.9087125,2.749642,0.08244859,-0.4256259,2.754883,0.06686883,-0.695646,2.729487,0.07224303,-0.876835,2.73368,0.0886009,-0.9222233,2.72126,595,Lift-your-leg-to-one-side,
48090379.9209,0.03368057,-0.372139,2.771292,0.03955558,-0.3219034,2.780295,0.05369823,-0.07185125,2.761286,0.05547398,0.06907626,2.720135,-0.07943283,-0.1323702,2.798695,-0.1146477,-0.2931893,2.854152,-0.1522805,-0.4210378,2.842421,-0.1574399,-0.4437927,2.834386,0.1712161,-0.1589105,2.746552,0.2261231,-0.316887,2.660926,0.2310688,-0.4472547,2.57498,0.2290107,-0.4988953,2.555322,-0.02588847,-0.4235032,2.782014,-0.07780531,-0.6916579,2.776503,-0.09001477,-0.8698509,2.764518,-0.1362003,-0.9168981,2.750501,0.08446376,-0.4328569,2.759912,0.06778613,-0.6991547,2.734292,0.07182188,-0.8770465,2.732808,0.08396146,-0.9225956,2.716689,595,Lift-your-leg-to-one-side,
48090411.9227,0.03615061,-0.3777111,2.77476,0.04274169,-0.3272304,2.781543,0.05999118,-0.07721153,2.759187,0.06669766,0.06357566,2.713335,-0.07572573,-0.1336388,2.797471,-0.1142112,-0.2947158,2.850698,-0.1521429,-0.4223458,2.835133,-0.1557059,-0.4452967,2.83264,0.1678734,-0.1793336,2.737156,0.2177148,-0.3320687,2.657349,0.224895,-0.4618465,2.567903,0.2266464,-0.5140648,2.552343,-0.02297793,-0.4270612,2.786432,-0.07581429,-0.6928678,2.779709,-0.07487286,-0.8715814,2.76145,-0.1281691,-0.9116716,2.751686,0.08592708,-0.439758,2.76502,0.07059491,-0.7019341,2.737784,0.07175656,-0.8799809,2.73503,0.09071629,-0.923439,2.719738,595,Lift-your-leg-to-one-side,
48090447.9247,0.03807933,-0.3807513,2.776574,0.04565074,-0.3309156,2.78182,0.07331105,-0.08562514,2.755785,0.07723603,0.05899594,2.709013,-0.06892686,-0.1333929,2.796027,-0.1107033,-0.2943715,2.847616,-0.1511555,-0.4213341,2.834786,-0.1604475,-0.4622507,2.83063,0.1704449,-0.1814927,2.735443,0.2104182,-0.3376849,2.656908,0.2149711,-0.4746928,2.564907,0.2163886,-0.5273202,2.553468,-0.02140304,-0.4296367,2.789045,-0.07455005,-0.6937423,2.780949,-0.09260186,-0.8714795,2.76752,-0.1395926,-0.9179868,2.754406,0.0865815,-0.4425189,2.767315,0.07658679,-0.7087644,2.743819,0.07345553,-0.8870597,2.73748,0.09582129,-0.9295328,2.724148,595,Lift-your-leg-to-one-side,
48090479.9266,0.04066963,-0.3818461,2.778953,0.04908418,-0.3324811,2.782506,0.08287024,-0.09049919,2.752705,0.08859104,0.05053459,2.703565,-0.05966279,-0.1381079,2.793371,-0.1099329,-0.2967637,2.844684,-0.1515682,-0.4233954,2.835186,-0.1610139,-0.4642549,2.83082,0.1791667,-0.1867453,2.730969,0.2057646,-0.3404445,2.660018,0.2067686,-0.4784324,2.560513,0.2055783,-0.5326992,2.550089,-0.0194422,-0.430792,2.792841,-0.074338,-0.6940651,2.781537,-0.09859975,-0.8710762,2.767447,-0.1420564,-0.9175215,2.751395,0.08822171,-0.4434255,2.770519,0.07790601,-0.7092411,2.74482,0.07355117,-0.8875757,2.737426,0.09744687,-0.9298385,2.726257,595,Lift-your-leg-to-one-side,
48090511.9284,0.04273341,-0.3836954,2.78048,0.05160012,-0.3347035,2.782637,0.08692414,-0.09349319,2.751644,0.09419525,0.04647564,2.698458,-0.05727716,-0.1398903,2.792229,-0.1063116,-0.2999105,2.841264,-0.1524168,-0.424979,2.830654,-0.1620338,-0.4659631,2.82829,0.1831213,-0.192698,2.728552,0.2050302,-0.3415525,2.655858,0.1954121,-0.4801205,2.559561,0.1926644,-0.5359596,2.548222,-0.01844975,-0.4318764,2.794384,-0.07789724,-0.6937228,2.781194,-0.1138157,-0.868686,2.768973,-0.1422752,-0.9149348,2.748637,0.09009333,-0.4462681,2.773269,0.07953372,-0.7084998,2.746372,0.07403873,-0.8869262,2.736655,0.09760042,-0.9297637,2.727081,595,Lift-your-leg-to-one-side,
48090547.9305,0.04454722,-0.3837587,2.781128,0.05415867,-0.3352424,2.782113,0.09452198,-0.09747975,2.74963,0.09974116,0.0433782,2.693214,-0.04728056,-0.1485022,2.791837,-0.1044073,-0.3052345,2.84222,-0.1556056,-0.4281628,2.826851,-0.1642097,-0.4694103,2.825301,0.1914003,-0.1934514,2.725488,0.2053964,-0.3418115,2.655982,0.1896649,-0.477028,2.561934,0.1799131,-0.5320895,2.550652,-0.01796956,-0.4317288,2.794964,-0.08181843,-0.6904919,2.782521,-0.1224737,-0.8667997,2.770217,-0.1363782,-0.8932026,2.719772,0.09164645,-0.4462634,2.774445,0.08058545,-0.7074011,2.74742,0.07315751,-0.8858449,2.735543,0.09631769,-0.9269884,2.75144,595,Lift-your-leg-to-one-side,
48090579.9323,0.04643255,-0.3833953,2.781251,0.05647363,-0.335287,2.781207,0.09867284,-0.09940702,2.74872,0.1083423,0.0417842,2.690107,-0.04285279,-0.1516106,2.792633,-0.1043732,-0.3068473,2.842621,-0.1492586,-0.4323325,2.830344,-0.1555044,-0.4740215,2.829443,0.1989736,-0.1946569,2.723091,0.2108259,-0.3414151,2.65666,0.1866296,-0.4744173,2.564763,0.1734172,-0.5286272,2.552893,-0.01763495,-0.4314547,2.795062,-0.08878241,-0.6821675,2.782754,-0.145695,-0.862206,2.774898,-0.1600283,-0.8886088,2.724573,0.0936534,-0.446032,2.775125,0.08136433,-0.7050216,2.749358,0.07336462,-0.8834991,2.735454,0.09496649,-0.9283043,2.73267,595,Lift-your-leg-to-one-side,
48090611.9341,0.04737351,-0.3828612,2.781131,0.05769362,-0.3350206,2.780192,0.1024465,-0.1007103,2.747475,0.1127959,0.04096092,2.686282,-0.03757513,-0.153502,2.793452,-0.1037026,-0.3069342,2.843216,-0.1487605,-0.4322759,2.828493,-0.1545808,-0.4740296,2.827758,0.2066169,-0.1949293,2.721637,0.2211078,-0.3376654,2.659271,0.1851477,-0.4721034,2.568057,0.1639912,-0.5244277,2.559767,-0.01761139,-0.4308412,2.795305,-0.1063148,-0.6787046,2.784021,-0.1881121,-0.8723066,2.776782,-0.2237117,-0.915694,2.751015,0.09433329,-0.4458371,2.775047,0.08121412,-0.7037089,2.751205,0.07338613,-0.8822318,2.735115,0.09463391,-0.9272028,2.732285,595,Lift-your-leg-to-one-side,
48090647.9362,0.05090872,-0.3797774,2.781383,0.06154059,-0.3324757,2.779539,0.108356,-0.09966265,2.746794,0.1169721,0.04169469,2.681697,-0.02948123,-0.1493386,2.792272,-0.09854529,-0.3019409,2.840977,-0.0497622,-0.4447623,2.77417,-0.05466266,-0.4866386,2.773783,0.216157,-0.1913921,2.721471,0.2373102,-0.320793,2.679249,0.1859007,-0.4669447,2.577749,0.1638523,-0.5181136,2.565511,-0.01623596,-0.4278061,2.796179,-0.1269772,-0.670611,2.78656,-0.2056532,-0.8675183,2.777247,-0.2681832,-0.8748876,2.753191,0.09749269,-0.4435889,2.775391,0.08142401,-0.7018796,2.752536,0.07316218,-0.8803921,2.735238,0.09371001,-0.9242538,2.723582,595,Lift-your-leg-to-one-side,
48090679.938,0.05547164,-0.376701,2.780205,0.06630618,-0.3295001,2.777742,0.1139637,-0.0964759,2.745995,0.1187119,0.04212961,2.6811,-0.02021057,-0.1455329,2.789671,-0.09382609,-0.2957142,2.839003,-0.05004401,-0.4443454,2.774806,-0.0549445,-0.486222,2.774419,0.2260702,-0.1880208,2.722198,0.2407571,-0.3199796,2.679244,0.1944087,-0.4535353,2.589144,0.1693979,-0.5025106,2.573975,-0.01360332,-0.4246821,2.795789,-0.1435598,-0.6646837,2.79127,-0.2733173,-0.8348712,2.766513,-0.3317952,-0.8319549,2.733122,0.1025367,-0.4411561,2.77374,0.08120577,-0.6997105,2.753113,0.07124214,-0.8781353,2.734073,0.0919247,-0.9217463,2.721733,595,Lift-your-leg-to-one-side,
48090711.9398,0.05739284,-0.372632,2.779599,0.06835894,-0.325785,2.776468,0.1168037,-0.09338523,2.74478,0.1197634,0.04458925,2.679455,-0.01319684,-0.139323,2.791058,-0.08954189,-0.28827,2.840096,-0.05206738,-0.4138832,2.779601,-0.05696784,-0.4557595,2.779214,0.2283327,-0.1826095,2.721112,0.2533457,-0.312192,2.68413,0.2048443,-0.4501979,2.606087,0.1856017,-0.4953648,2.593034,-0.01126916,-0.4190576,2.796633,-0.1673588,-0.608857,2.805504,-0.3075513,-0.779315,2.747844,-0.3664833,-0.8017665,2.72405,0.1038128,-0.4363337,2.772137,0.08106983,-0.6990232,2.753295,0.07118563,-0.8774527,2.734415,0.1035404,-0.9334774,2.73737,595,Lift-your-leg-to-one-side,
48090747.9419,0.06588112,-0.3643096,2.774812,0.07611192,-0.3184359,2.771874,0.1211444,-0.08946319,2.743615,0.1211225,0.0480793,2.676658,-0.01015931,-0.1369865,2.794075,-0.08954823,-0.283473,2.844972,-0.05615716,-0.411728,2.785405,-0.06105759,-0.4536041,2.785018,0.2310176,-0.1766733,2.720197,0.2611423,-0.305337,2.684433,0.2106691,-0.4454528,2.61364,0.1888724,-0.4921851,2.599728,-0.002499745,-0.409576,2.792402,-0.1913899,-0.5720581,2.808038,-0.3649141,-0.7335781,2.742369,-0.42208,-0.7456753,2.717349,0.1125638,-0.4284702,2.765616,0.08019622,-0.6988465,2.753253,0.07119817,-0.8773232,2.734373,0.1045718,-0.9338512,2.735929,595,Lift-your-leg-to-one-side,
48090779.9437,0.06963624,-0.359079,2.771711,0.07986677,-0.3137955,2.768712,0.1243231,-0.08707073,2.742837,0.1190727,0.04839178,2.676406,-0.009789519,-0.1435386,2.801859,-0.0972889,-0.2829716,2.857405,-0.06643327,-0.4078131,2.797386,-0.07133365,-0.4496888,2.796999,0.2324364,-0.1727429,2.717854,0.2689658,-0.3001653,2.685511,0.2217264,-0.4429303,2.623407,0.2076558,-0.486448,2.6183,-0.0001302565,-0.4061978,2.79123,-0.2078355,-0.5579364,2.808008,-0.4144537,-0.6764992,2.748516,-0.469121,-0.6574683,2.713981,0.1166839,-0.4231915,2.759757,0.07364258,-0.6887306,2.751691,0.07134601,-0.8746004,2.733382,0.1062569,-0.9304225,2.743708,595,Lift-your-leg-to-one-side,
48090811.9456,0.07465798,-0.3555744,2.764599,0.08453135,-0.3106107,2.762251,0.1271281,-0.08508473,2.741196,0.1173194,0.0491012,2.675384,-0.009201806,-0.1465551,2.80919,-0.1063276,-0.2580069,2.894354,-0.08503517,-0.4054478,2.78342,-0.0899356,-0.4473239,2.783033,0.2331346,-0.1674307,2.714605,0.2766959,-0.298781,2.690456,0.2342397,-0.4354958,2.637027,0.2306191,-0.4774223,2.63964,0.003652564,-0.4038966,2.785058,-0.2589918,-0.5376557,2.807304,-0.4023077,-0.6661137,2.763565,-0.4551576,-0.6339189,2.736847,0.1243524,-0.4179944,2.748547,0.06991102,-0.6869502,2.747773,0.0698643,-0.8742452,2.732241,0.05113835,-0.8996314,2.682841,595,Lift-your-leg-to-one-side,
48090847.9476,0.07715987,-0.3530883,2.761194,0.08657876,-0.3087254,2.758969,0.1276351,-0.08507638,2.740479,0.1121218,0.04790987,2.673891,-0.01077264,-0.1492651,2.81635,-0.1105908,-0.2609595,2.898649,-0.1125004,-0.4045365,2.780246,-0.1174008,-0.4464123,2.77986,0.2335276,-0.1652902,2.71507,0.2829352,-0.2972122,2.695466,0.2595167,-0.4245447,2.654425,0.2447521,-0.4603468,2.651987,0.005461528,-0.4030055,2.782756,-0.2263182,-0.4728844,2.80149,-0.4126776,-0.6184087,2.783106,-0.4642637,-0.5812454,2.760717,0.1273758,-0.4154191,2.744029,0.06522296,-0.6864965,2.74238,0.06997012,-0.8757388,2.732681,0.05020129,-0.900917,2.683581,595,Lift-your-leg-to-one-side,
48090879.9495,0.07712878,-0.3528848,2.759877,0.08651496,-0.3085648,2.757542,0.127749,-0.08514413,2.740292,0.1095237,0.04392264,2.67407,-0.01150074,-0.1495892,2.818171,-0.1123547,-0.2609046,2.899856,-0.1127795,-0.4023473,2.778684,-0.1176799,-0.4442226,2.778298,0.2331857,-0.165136,2.715343,0.2960845,-0.2834973,2.705472,0.2664869,-0.4134665,2.66411,0.2620573,-0.4545396,2.672541,0.005622415,-0.4027819,2.780965,-0.2887995,-0.4602358,2.804417,-0.5258077,-0.4733137,2.758987,-0.5674652,-0.4567294,2.737266,0.1270151,-0.4153736,2.742542,0.06365971,-0.6848359,2.739805,0.07041703,-0.876741,2.73392,0.05040846,-0.9018224,2.684867,595,Lift-your-leg-to-one-side,
48090911.9513,0.07686828,-0.3529696,2.759566,0.08604048,-0.308702,2.757024,0.1253543,-0.08633352,2.741107,0.09925446,0.03768977,2.67429,-0.0172809,-0.1544764,2.824953,-0.1226785,-0.2587459,2.909512,-0.1189127,-0.3964878,2.783875,-0.123813,-0.4383625,2.783488,0.231169,-0.1649181,2.717486,0.3018918,-0.2780329,2.713067,0.2761595,-0.4186175,2.674843,0.2636487,-0.4588803,2.674637,0.005772653,-0.4032876,2.780268,-0.2965086,-0.4266721,2.812642,-0.5370197,-0.4181709,2.771276,-0.5788047,-0.4017168,2.749701,0.1265034,-0.4155616,2.742091,0.06241488,-0.684232,2.738473,0.06883785,-0.875851,2.734225,0.04828364,-0.9008804,2.685371,595,Lift-your-leg-to-one-side,
48090947.9533,0.07672586,-0.3532218,2.759399,0.08554725,-0.3090825,2.756663,0.1215481,-0.08841285,2.742178,0.0888277,0.03177389,2.667227,-0.02288161,-0.1600047,2.828039,-0.1283897,-0.2559378,2.920319,-0.1224587,-0.3906952,2.791326,-0.127359,-0.4325702,2.790939,0.2267934,-0.1653884,2.720234,0.311994,-0.2662931,2.720298,0.2913021,-0.4218903,2.688955,0.2654413,-0.4539103,2.679811,0.00631609,-0.4043958,2.779404,-0.2974795,-0.3979088,2.813574,-0.536505,-0.3742382,2.788872,-0.578163,-0.3576537,2.76715,0.1264174,-0.4156726,2.74205,0.05333028,-0.6779218,2.738732,0.06944142,-0.8779903,2.735482,0.04888394,-0.9030372,2.686638,595,Lift-your-leg-to-one-side,
48090979.9552,0.07617916,-0.3537106,2.759599,0.08450284,-0.3098446,2.756732,0.1184028,-0.09098817,2.742778,0.08623146,0.03052079,2.666005,-0.02538993,-0.1600482,2.828215,-0.1294613,-0.2558399,2.921973,-0.1304794,-0.3933581,2.796013,-0.1353797,-0.4352331,2.795626,0.2231222,-0.1670457,2.721638,0.3132345,-0.2625338,2.726607,0.3326774,-0.3941544,2.708916,0.308912,-0.4447697,2.697635,0.006164072,-0.4050298,2.779446,-0.2823068,-0.3589537,2.827219,-0.521544,-0.3327746,2.785882,-0.5419657,-0.3578718,2.737007,0.1259248,-0.4161808,2.742513,0.05332068,-0.6779748,2.738826,0.06518974,-0.8791721,2.739033,0.04476802,-0.9042693,2.690158,595,Lift-your-leg-to-one-side,
48091015.9572,0.07544206,-0.354978,2.76049,0.08312815,-0.3118325,2.757448,0.113098,-0.09876888,2.742827,0.07945866,0.02337061,2.665964,-0.04229157,-0.1720401,2.841411,-0.1431346,-0.2674069,2.93844,-0.1070622,-0.349265,2.772564,-0.1119625,-0.3911399,2.772177,0.2149842,-0.1710651,2.725043,0.3139501,-0.2557001,2.735445,0.3315884,-0.3866945,2.708798,0.3285928,-0.4206736,2.702556,0.00586949,-0.407909,2.780355,-0.2890339,-0.3561561,2.825387,-0.5285009,-0.3313147,2.784963,-0.5499011,-0.3565433,2.736577,0.1254218,-0.417377,2.744422,0.05199424,-0.6768871,2.740348,0.06506014,-0.8792171,2.738849,0.04365993,-0.9044456,2.690462,595,Lift-your-leg-to-one-side,
48091047.9591,0.07189125,-0.3552552,2.763566,0.07909134,-0.312742,2.759721,0.1073218,-0.1028265,2.742204,0.06849916,0.02128294,2.663242,-0.04528746,-0.169193,2.844796,-0.1347561,-0.2626893,2.937702,-0.09732778,-0.3420291,2.770851,-0.102228,-0.3839037,2.770465,0.2102354,-0.1715862,2.727256,0.3145578,-0.2523816,2.742823,0.3319674,-0.3824736,2.710201,0.3300618,-0.4194256,2.704887,0.0007548435,-0.4085904,2.7857,-0.29202,-0.3542862,2.824624,-0.5311722,-0.3200723,2.796814,-0.5528098,-0.3456237,2.748703,0.1236757,-0.4178645,2.747683,0.05094528,-0.6754611,2.743087,0.06432097,-0.8774477,2.736102,0.1069993,-0.9223326,2.75607,595,Lift-your-leg-to-one-side,
48091079.9609,0.07274203,-0.3557008,2.763632,0.07932679,-0.3133906,2.759585,0.1020747,-0.1084563,2.74211,0.05939303,0.01436388,2.664525,-0.05199654,-0.1716756,2.85299,-0.1370726,-0.2636143,2.941735,-0.09976141,-0.3427251,2.774742,-0.1046617,-0.3845998,2.774355,0.2009985,-0.1718817,2.728781,0.3140468,-0.2425669,2.752053,0.339265,-0.3726861,2.728442,0.3395239,-0.4288216,2.718311,0.00714665,-0.4127184,2.787839,-0.2929854,-0.3537461,2.825007,-0.5320152,-0.3181779,2.79927,-0.5548274,-0.3438967,2.751796,0.1249987,-0.4179818,2.746937,0.05052524,-0.6743783,2.745084,0.06436972,-0.8774762,2.735781,0.04155754,-0.903195,2.688306,595,Lift-your-leg-to-one-side,
48091115.963,0.06935046,-0.3563375,2.7679,0.07505523,-0.3147824,2.763077,0.09551075,-0.1118562,2.742342,0.05394172,0.01447117,2.66241,-0.05390356,-0.1721734,2.855008,-0.1488153,-0.2762781,2.949483,-0.11531,-0.3607984,2.784453,-0.1202102,-0.4026728,2.784066,0.1974474,-0.1711563,2.730431,0.3148804,-0.2419499,2.756151,0.3394531,-0.3720027,2.730909,0.3425217,-0.3955989,2.734701,0.00220545,-0.4136108,2.795596,-0.2953482,-0.3602179,2.828322,-0.533627,-0.3213811,2.797002,-0.5565286,-0.3475358,2.749808,0.1230962,-0.4182944,2.750412,0.0516681,-0.6672325,2.747148,0.06603707,-0.8803339,2.736763,0.0431355,-0.9064885,2.68957,595,Lift-your-leg-to-one-side,
48091147.9648,0.06920458,-0.3579471,2.768677,0.07422666,-0.31672,2.763647,0.09104228,-0.1145445,2.742416,0.04648965,0.00906562,2.661504,-0.05396779,-0.172776,2.858253,-0.1484337,-0.2796271,2.95051,-0.1363005,-0.3455127,2.816342,-0.1412007,-0.3873866,2.815955,0.1945041,-0.1708747,2.731864,0.3153125,-0.2374001,2.760268,0.3407281,-0.3682588,2.74918,0.3477355,-0.4090233,2.741011,0.0032794,-0.4167296,2.797318,-0.304719,-0.3861237,2.83405,-0.5425215,-0.3838066,2.790073,-0.5779978,-0.3368933,2.757142,0.1232267,-0.4185533,2.750516,0.05231519,-0.6599102,2.750627,0.06602625,-0.8798412,2.736062,0.04268622,-0.9062114,2.689204,595,Lift-your-leg-to-one-side,
48091179.9666,0.06917837,-0.3608604,2.769008,0.07374787,-0.318804,2.763615,0.08981477,-0.1139628,2.741843,0.0405018,0.00991344,2.661266,-0.05861099,-0.1746954,2.863395,-0.1497346,-0.2862982,2.953745,-0.1388902,-0.3487206,2.819321,-0.1437903,-0.3905944,2.818934,0.1864991,-0.1691786,2.733434,0.3115546,-0.2293335,2.767637,0.3404697,-0.3592061,2.766781,0.3418472,-0.3838262,2.755383,0.005716879,-0.4233877,2.798769,-0.3035884,-0.4102104,2.837558,-0.5380526,-0.4387918,2.784305,-0.5738111,-0.3953887,2.747137,0.1230149,-0.4194471,2.750304,0.05250215,-0.660534,2.750762,0.06559057,-0.8796409,2.735323,0.04149729,-0.9060962,2.688895,595,Lift-your-leg-to-one-side,
48091215.9687,0.02738217,-0.3554236,2.808665,0.03600045,-0.3145389,2.79622,0.08611418,-0.1130486,2.741426,0.02509584,0.005457872,2.657372,-0.05861232,-0.1747195,2.863401,-0.1459067,-0.2885748,2.954558,-0.139381,-0.3537073,2.824252,-0.1442811,-0.3955807,2.823866,0.179781,-0.1682562,2.735755,0.3106738,-0.2278815,2.769128,0.3349865,-0.3579489,2.776155,0.3462309,-0.3985826,2.77623,-0.03886694,-0.3997152,2.84787,-0.3048268,-0.4663167,2.837668,-0.5403156,-0.5063107,2.782022,-0.5872399,-0.486984,2.738336,0.07199378,-0.4190612,2.795509,0.05354333,-0.6614097,2.751978,0.06687669,-0.8802578,2.736941,0.1050322,-0.9285536,2.764431,595,Lift-your-leg-to-one-side,
48091247.9705,0.02641629,-0.3529712,2.810972,0.03464817,-0.311635,2.798603,0.07583001,-0.1036375,2.745456,0.01872836,0.005707847,2.658452,-0.05937529,-0.175211,2.863276,-0.1423312,-0.2941896,2.952336,-0.1380113,-0.3613241,2.824643,-0.1429114,-0.403197,2.824256,0.173926,-0.1680814,2.737521,0.2953549,-0.2198563,2.769584,0.3312763,-0.3471732,2.77688,0.3434091,-0.3873156,2.781224,-0.03985917,-0.3984958,2.85404,-0.2950535,-0.5041862,2.836361,-0.5112063,-0.6050965,2.778762,-0.5647802,-0.576885,2.749131,0.07152231,-0.4176963,2.795729,0.05339083,-0.6607472,2.753685,0.06708306,-0.8799289,2.737451,0.1051495,-0.9284744,2.764624,595,Lift-your-leg-to-one-side,
48091279.9723,0.02347104,-0.3511591,2.811624,0.03016445,-0.3103893,2.799586,0.05169948,-0.1123104,2.750113,0.006523562,0.006403701,2.660637,-0.08154986,-0.1926626,2.864933,-0.1462883,-0.3086816,2.968767,-0.1327107,-0.3620768,2.828959,-0.1376108,-0.4039498,2.828572,0.1587192,-0.1682601,2.73893,0.2911997,-0.2202359,2.771552,0.3132751,-0.3501694,2.782395,0.2984533,-0.4052211,2.7842,-0.04300974,-0.4057236,2.867876,-0.2750705,-0.557753,2.836302,-0.4740805,-0.6692369,2.770129,-0.4967379,-0.6985654,2.724714,0.06691454,-0.4172484,2.788984,0.0533548,-0.6646038,2.756773,0.06708568,-0.8800266,2.737745,0.04442826,-0.9093552,2.69233,595,Lift-your-leg-to-one-side,
48091315.9744,0.009721288,-0.3520268,2.824078,0.01645552,-0.3113216,2.810535,0.04634671,-0.1113525,2.752112,-0.01387179,0.004264813,2.664488,-0.0855403,-0.1925479,2.866276,-0.1457708,-0.307866,2.971875,-0.1320622,-0.3608416,2.831847,-0.1369623,-0.4027146,2.83146,0.1461613,-0.1684577,2.738556,0.2820162,-0.2214258,2.773804,0.3029932,-0.352057,2.780966,0.2953479,-0.4084978,2.784068,-0.05464504,-0.4082546,2.882953,-0.2684788,-0.581278,2.835588,-0.4076651,-0.7723606,2.766674,-0.4310623,-0.8021448,2.721935,0.05517482,-0.4188226,2.798474,0.05269043,-0.6651589,2.758966,0.06679644,-0.8796015,2.738154,0.04339927,-0.9093857,2.693414,595,Lift-your-leg-to-one-side,
48091347.9762,0.004979325,-0.3521941,2.822827,0.01067949,-0.3108776,2.809565,0.03366691,-0.1039906,2.75343,-0.0296236,0.009964873,2.667692,-0.09727581,-0.1863631,2.867224,-0.1403071,-0.3087764,2.974355,-0.1271522,-0.362922,2.835611,-0.1320523,-0.4047949,2.835224,0.1342938,-0.1592891,2.73784,0.2647009,-0.2217713,2.770881,0.2899339,-0.3515626,2.778705,0.2891684,-0.4082142,2.785311,-0.05767769,-0.4108796,2.881288,-0.2102348,-0.615568,2.82826,-0.3284929,-0.8238466,2.77698,-0.3520648,-0.8536391,2.732337,0.04985318,-0.4187466,2.796177,0.05028034,-0.6619586,2.763062,0.06742289,-0.8794261,2.739198,0.04385106,-0.9092186,2.694555,595,Lift-your-leg-to-one-side,
48091379.9781,-0.003084162,-0.3573402,2.822847,0.002065922,-0.3138659,2.809595,0.01896277,-0.09453687,2.752753,-0.0487599,0.01627491,2.671117,-0.1122141,-0.1771212,2.866415,-0.1336007,-0.3104609,2.967829,-0.1228149,-0.3802216,2.843043,-0.1277149,-0.4220943,2.842656,0.1184516,-0.1553167,2.738168,0.2431699,-0.2258652,2.763558,0.2710354,-0.353731,2.779765,0.2714092,-0.3910021,2.781554,-0.0636122,-0.4160645,2.875858,-0.1882511,-0.6387581,2.829051,-0.2655272,-0.859611,2.795435,-0.2885779,-0.8952955,2.769397,0.04458101,-0.420546,2.79865,0.04494874,-0.6688862,2.770491,0.06706944,-0.879182,2.738967,0.04351145,-0.9091179,2.694412,595,Lift-your-leg-to-one-side,
48091415.9801,-0.01224235,-0.3651177,2.824759,-0.008303946,-0.3188999,2.811612,0.0008292613,-0.08557521,2.756142,-0.06489255,0.02247432,2.687199,-0.112406,-0.1753647,2.8652,-0.130189,-0.3102175,2.965504,-0.119313,-0.3826774,2.842812,-0.124213,-0.4245498,2.842425,0.1073466,-0.1534835,2.73834,0.2279482,-0.2433486,2.767576,0.2474638,-0.3742148,2.774688,0.2509161,-0.3989297,2.78387,-0.06670672,-0.4190527,2.87056,-0.1481147,-0.6701038,2.820757,-0.2003488,-0.8543796,2.790972,-0.2246078,-0.8842818,2.746773,0.03431621,-0.4231704,2.805914,0.04675588,-0.6734032,2.772451,0.06785244,-0.8807297,2.739988,0.04359344,-0.9106319,2.695788,595,Lift-your-leg-to-one-side,
48091447.9819,-0.02149281,-0.3642114,2.822606,-0.01991993,-0.3164321,2.809891,-0.01669438,-0.07441589,2.757776,-0.08806919,0.04250517,2.706924,-0.1245402,-0.169727,2.862828,-0.1349303,-0.3063499,2.961981,-0.1233132,-0.3832016,2.842683,-0.1282131,-0.4250735,2.842296,0.08578721,-0.1457967,2.740728,0.2009926,-0.247995,2.759805,0.214958,-0.3802817,2.759506,0.2130289,-0.4043051,2.769166,-0.07194072,-0.4207471,2.87012,-0.1332828,-0.6846775,2.823719,-0.1676078,-0.8669024,2.802576,-0.1919249,-0.8967165,2.75835,0.02314353,-0.4230301,2.798579,0.04450492,-0.6774244,2.774371,0.06857921,-0.8800873,2.740072,0.08455418,-0.9210543,2.707963,595,Lift-your-leg-to-one-side,
48091479.9838,-0.03845903,-0.3700603,2.816442,-0.03746422,-0.320348,2.805601,-0.03776541,-0.07085445,2.761393,-0.09409216,0.04739102,2.706313,-0.1526899,-0.1571345,2.865875,-0.1604356,-0.2953981,2.963295,-0.148586,-0.3762827,2.846851,-0.1534859,-0.418154,2.846464,0.07317898,-0.1430861,2.74334,0.17228,-0.2626791,2.778711,0.1955263,-0.39394,2.767234,0.2018592,-0.4355476,2.769697,-0.08958727,-0.4291427,2.855097,-0.1198684,-0.6975813,2.830027,-0.1651826,-0.8701268,2.801258,-0.1887649,-0.8992671,2.756193,0.01044151,-0.4266632,2.794946,0.04489365,-0.6901301,2.778853,0.06855217,-0.8801382,2.740098,0.08618126,-0.9199013,2.711405,595,Lift-your-leg-to-one-side,
48091515.9858,-0.04684782,-0.3754686,2.812572,-0.04628521,-0.3237517,2.803158,-0.05201707,-0.06451932,2.766139,-0.106377,0.05456295,2.715622,-0.1637232,-0.1601433,2.869115,-0.1730164,-0.2983162,2.966529,-0.1615271,-0.379986,2.850757,-0.1664269,-0.4218568,2.850371,0.04881072,-0.1373657,2.747247,0.1523297,-0.2764385,2.778867,0.1483379,-0.4094772,2.76191,0.1515387,-0.4514577,2.764078,-0.09730949,-0.4346036,2.84398,-0.1193375,-0.6992661,2.834684,-0.1592776,-0.8727137,2.800459,-0.1839152,-0.9013063,2.755609,0.003901618,-0.4279774,2.793571,0.04275507,-0.6949202,2.778474,0.06846766,-0.8797571,2.739684,0.08563548,-0.9182761,2.713149,595,Lift-your-leg-to-one-side,
48091547.9877,-0.05887966,-0.3773666,2.81147,-0.06109634,-0.3297486,2.803558,-0.08000596,-0.1098257,2.781251,-0.1277781,0.04503326,2.74033,-0.1875698,-0.1538509,2.881895,-0.1967599,-0.2920567,2.979277,-0.1852527,-0.3738032,2.863559,-0.1901524,-0.4156741,2.863172,0.02671826,-0.1325282,2.753108,0.1218631,-0.2815908,2.770488,0.1354362,-0.4141863,2.758288,0.1456451,-0.4550601,2.75985,-0.1035881,-0.435288,2.840642,-0.1202052,-0.6985605,2.834933,-0.1601266,-0.8720996,2.801697,-0.1857621,-0.9005772,2.757337,-0.01277495,-0.4278136,2.793418,0.04030707,-0.699093,2.777075,0.06771003,-0.8796099,2.739442,0.08597116,-0.917999,2.713455,595,Lift-your-leg-to-one-side,
48091579.9895,-0.07601207,-0.3792576,2.810748,-0.07789588,-0.3327332,2.803994,-0.08806521,-0.1083999,2.782592,-0.1402521,0.04712453,2.74658,-0.1992859,-0.153495,2.886068,-0.2085015,-0.2916909,2.983458,-0.1970007,-0.3734567,2.867759,-0.2019005,-0.4153272,2.867373,0.009624547,-0.1351393,2.757882,0.07209519,-0.3028629,2.762112,0.09531327,-0.4339409,2.745522,0.1058833,-0.474742,2.744598,-0.1180114,-0.4351708,2.838346,-0.1329538,-0.7026535,2.832951,-0.1618861,-0.8784328,2.80062,-0.1882235,-0.9062912,2.756279,-0.02928665,-0.4301711,2.791688,0.02440044,-0.7069402,2.770806,0.06776676,-0.8797621,2.738929,0.08622939,-0.9178466,2.712639,595,Lift-your-leg-to-one-side,
48091615.9916,-0.09908875,-0.3770494,2.809923,-0.1000414,-0.3319076,2.80444,-0.1070468,-0.1087409,2.787478,-0.1583775,0.04892001,2.756212,-0.224884,-0.153449,2.908545,-0.2340986,-0.2916415,3.00594,-0.2225984,-0.3734192,2.890253,-0.2274983,-0.4152902,2.889866,-0.009709049,-0.1375205,2.75938,0.05964265,-0.3029733,2.759949,0.07690243,-0.4347833,2.740568,0.0874726,-0.4755846,2.739644,-0.1404247,-0.4346715,2.839556,-0.1421518,-0.7024894,2.829913,-0.1628073,-0.8796369,2.800456,-0.1898282,-0.921295,2.796341,-0.05519444,-0.4297875,2.785397,0.007913854,-0.7084789,2.769092,0.03561731,-0.8850222,2.750231,0.08078045,-0.9132631,2.716078,595,Lift-your-leg-to-one-side,
48091647.9934,-0.1121028,-0.3767017,2.808475,-0.1144039,-0.3317267,2.804056,-0.1287349,-0.1079926,2.793983,-0.1749589,0.05193014,2.764614,-0.2341815,-0.1544878,2.910679,-0.2433929,-0.2926806,3.008073,-0.231892,-0.3744586,2.892387,-0.2367918,-0.4163298,2.892,-0.02929816,-0.1322883,2.763096,0.04476072,-0.2962257,2.758157,0.05666662,-0.4288203,2.741749,0.06723685,-0.4696219,2.740825,-0.1527005,-0.4337661,2.836102,-0.1548487,-0.6993953,2.830007,-0.1622191,-0.877597,2.80068,-0.1898919,-0.918049,2.791718,-0.066139,-0.428848,2.783672,0.000320056,-0.7061114,2.765605,0.02348013,-0.8832877,2.750097,0.07072814,-0.9138848,2.71301,595,Lift-your-leg-to-one-side,
48091679.9952,-0.1242017,-0.3764466,2.807161,-0.126189,-0.3314695,2.803567,-0.1378353,-0.1072447,2.796454,-0.1852013,0.0528919,2.768642,-0.2448527,-0.1528898,2.918062,-0.2540635,-0.2910826,3.015456,-0.2425625,-0.3728613,2.899769,-0.2474623,-0.4147327,2.899383,-0.04638068,-0.1308378,2.766121,0.0365319,-0.2907052,2.758095,0.0446048,-0.4234485,2.739448,0.05517504,-0.4642502,2.738524,-0.163095,-0.43298,2.835166,-0.1596161,-0.6983768,2.826867,-0.1612871,-0.8768938,2.800759,-0.1895137,-0.9174788,2.794546,-0.08067654,-0.4286719,2.779635,-0.01278972,-0.705964,2.762943,0.01725745,-0.8820118,2.750996,0.06120615,-0.9104307,2.708512,595,Lift-your-leg-to-one-side,
48091715.9973,-0.1368842,-0.3763606,2.805433,-0.1380957,-0.3312831,2.803104,-0.147397,-0.1063211,2.799815,-0.1950855,0.05454849,2.774455,-0.2526124,-0.1484523,2.911979,-0.2618231,-0.2866445,3.009372,-0.2503221,-0.368424,2.893686,-0.2552219,-0.4102951,2.893299,-0.0555516,-0.1277453,2.768988,0.02929887,-0.2867426,2.758233,0.03641991,-0.4189481,2.733327,0.04699008,-0.4597496,2.732403,-0.1767055,-0.4316005,2.832246,-0.1633919,-0.6980987,2.825278,-0.162412,-0.8766898,2.800961,-0.1915884,-0.9170578,2.799666,-0.09368159,-0.4285309,2.77681,-0.02162171,-0.7118373,2.758128,0.001912324,-0.8889784,2.739055,0.0443821,-0.9112288,2.69167,595,Lift-your-leg-to-one-side,
48091747.9991,-0.1465297,-0.3745184,2.804573,-0.1478152,-0.327825,2.804059,-0.1637958,-0.08947869,2.807207,-0.2089636,0.07137558,2.77962,-0.2637801,-0.151669,2.917247,-0.2729908,-0.289861,3.014639,-0.2614899,-0.3716409,2.898954,-0.2663898,-0.4135122,2.898567,-0.06693474,-0.1242458,2.771537,0.02296349,-0.2805782,2.756969,0.02564993,-0.4146759,2.729014,0.03622017,-0.4554776,2.72809,-0.1885771,-0.4297599,2.830521,-0.1709605,-0.6946507,2.822192,-0.1589146,-0.8742192,2.798278,-0.2020945,-0.9180841,2.824381,-0.1009105,-0.4261554,2.775053,-0.03670024,-0.7070271,2.748486,-0.00375168,-0.8826019,2.7349,0.03591591,-0.9025794,2.684189,595,Lift-your-leg-to-one-side,
48091780.0009,-0.153107,-0.3731279,2.80446,-0.1535178,-0.3270209,2.805724,-0.1693825,-0.093376,2.810479,-0.213774,0.06888156,2.786492,-0.2697406,-0.1548665,2.915152,-0.2789513,-0.2930579,3.012544,-0.2674504,-0.3748384,2.896858,-0.2723503,-0.4167094,2.896472,-0.07677492,-0.118635,2.773272,0.01168003,-0.2757906,2.758582,0.01973841,-0.4066889,2.72536,0.02934388,-0.4475956,2.721936,-0.192807,-0.4293139,2.829457,-0.1772395,-0.6902882,2.81984,-0.1605304,-0.8746587,2.797304,-0.199899,-0.9178662,2.822129,-0.1094945,-0.4225581,2.774447,-0.04379698,-0.7040309,2.74559,-0.004181053,-0.8764684,2.702363,0.01012357,-0.905779,2.643366,595,Lift-your-leg-to-one-side,
48091816.003,-0.1608709,-0.3684371,2.804096,-0.1607492,-0.3211563,2.808131,-0.1791375,-0.0809989,2.817888,-0.2229489,0.08088005,2.792229,-0.2809609,-0.1545716,2.916727,-0.2901715,-0.2927629,3.014119,-0.2786706,-0.3745436,2.898434,-0.2835704,-0.4164142,2.898047,-0.08302669,-0.1169605,2.775443,0.008987375,-0.2720953,2.758115,0.01933661,-0.4031646,2.726783,0.02720517,-0.44436,2.7225,-0.2021019,-0.4254267,2.827327,-0.17943,-0.6884967,2.819297,-0.1686638,-0.8768256,2.799501,-0.2000923,-0.9121032,2.815326,-0.1153377,-0.4171081,2.773467,-0.04736251,-0.7046456,2.74254,-0.004454199,-0.8761867,2.698602,0.009151166,-0.9043291,2.638875,595,Lift-your-leg-to-one-side,
48091848.0048,-0.1670481,-0.3659909,2.804863,-0.1665224,-0.3152166,2.812413,-0.1935631,-0.03438567,2.829754,-0.2231728,0.09320456,2.799615,-0.2895175,-0.1509662,2.917128,-0.298728,-0.2891568,3.014519,-0.2872272,-0.3709382,2.898835,-0.292127,-0.4128085,2.898448,-0.08640443,-0.1161426,2.777066,0.005154029,-0.2715434,2.760104,0.01502019,-0.4026999,2.729075,0.02044435,-0.4443271,2.725196,-0.2099537,-0.4229131,2.826071,-0.1817191,-0.6891204,2.817014,-0.1666175,-0.8838447,2.806568,-0.1771312,-0.9254422,2.831903,-0.1200292,-0.4141097,2.774906,-0.05362749,-0.703761,2.735199,-0.001022419,-0.8772519,2.687974,0.006621669,-0.900869,2.625298,595,Lift-your-leg-to-one-side,
48091880.0067,-0.1721768,-0.3649918,2.807203,-0.1686863,-0.3149065,2.815993,-0.189558,-0.05221713,2.827375,-0.2235373,0.09554881,2.80463,-0.2959585,-0.1500739,2.91544,-0.3051691,-0.288264,3.012831,-0.2936683,-0.3700459,2.897147,-0.298568,-0.4119161,2.89676,-0.08890133,-0.1153152,2.778069,-0.008409329,-0.2766093,2.766136,0.005053688,-0.4068956,2.731401,0.006328638,-0.4523525,2.727879,-0.2184058,-0.421808,2.828855,-0.1841311,-0.6915895,2.817178,-0.1641467,-0.8880661,2.806566,-0.1846527,-0.9348816,2.816071,-0.1238339,-0.4138144,2.777184,-0.05675612,-0.7047139,2.726488,-0.001405173,-0.8764349,2.670189,0.006732238,-0.9054067,2.612699,595,Lift-your-leg-to-one-side,
48091916.0087,-0.1754641,-0.364128,2.808617,-0.1714676,-0.3128504,2.819395,-0.1920634,-0.04560447,2.82806,-0.2235395,0.09583091,2.805612,-0.3001156,-0.147684,2.911952,-0.3093261,-0.2858737,3.009342,-0.2978253,-0.367656,2.893659,-0.302725,-0.4095261,2.893272,-0.0905293,-0.1149109,2.779334,-0.01394992,-0.2779603,2.77033,-0.005154883,-0.4096574,2.733199,-0.002824129,-0.4540206,2.729574,-0.2215808,-0.4206944,2.828755,-0.1864932,-0.6959935,2.818194,-0.164184,-0.8879234,2.805115,-0.2027031,-0.9195096,2.806248,-0.1270867,-0.4124116,2.780629,-0.0567795,-0.7055654,2.722254,-0.003330856,-0.8737348,2.665168,0.006244494,-0.9036704,2.606158,595,Lift-your-leg-to-one-side,
48091948.0105,-0.1796057,-0.3594661,2.80973,-0.1758627,-0.3075838,2.822435,-0.1977335,-0.04144656,2.828798,-0.225704,0.09783219,2.80823,-0.3102935,-0.1442283,2.906563,-0.3195041,-0.2824176,3.003954,-0.3080033,-0.3642003,2.88827,-0.312903,-0.4060702,2.887884,-0.09203845,-0.1137841,2.78094,-0.02297132,-0.2799272,2.775404,-0.01423543,-0.4168436,2.735706,-0.01173371,-0.4605563,2.732082,-0.2256192,-0.4182276,2.82833,-0.1898594,-0.6950011,2.819101,-0.1634626,-0.8883893,2.806012,-0.2089005,-0.9240373,2.808544,-0.1289492,-0.4075295,2.782655,-0.07402955,-0.6913741,2.731206,-0.0006884002,-0.8520051,2.638453,0.006087593,-0.8954012,2.590874,595,Lift-your-leg-to-one-side,
48091980.0124,-0.1803731,-0.357343,2.80969,-0.1761531,-0.3053151,2.824039,-0.1990944,-0.03879924,2.829551,-0.2283672,0.09971171,2.812044,-0.3142161,-0.1426967,2.907205,-0.3234266,-0.2808858,3.004595,-0.3119259,-0.3626688,2.888912,-0.3168256,-0.4045385,2.888525,-0.09413065,-0.1131538,2.785074,-0.0270045,-0.2799866,2.78084,-0.01710691,-0.4162321,2.737516,-0.01473961,-0.4598266,2.733969,-0.227194,-0.4159196,2.826167,-0.1937971,-0.6917357,2.820428,-0.1652267,-0.8827662,2.801034,-0.2142475,-0.9260084,2.794813,-0.1287583,-0.4041612,2.784227,-0.06740613,-0.6892154,2.719888,0.00314292,-0.8514064,2.633319,0.008468415,-0.8930827,2.582898,595,Lift-your-leg-to-one-side,
48092016.0144,-0.1808119,-0.3559642,2.809609,-0.1761924,-0.303608,2.825418,-0.2020328,-0.03512324,2.830338,-0.2319038,0.1020021,2.814573,-0.3249792,-0.1468587,2.912831,-0.3341896,-0.2850474,3.010221,-0.3226889,-0.3668307,2.894538,-0.3275886,-0.4087003,2.894151,-0.09594226,-0.1132323,2.786973,-0.03119432,-0.2807009,2.785983,-0.02175279,-0.4100846,2.746009,-0.02008774,-0.4452075,2.744519,-0.2283529,-0.4146421,2.823767,-0.1944405,-0.6902788,2.82156,-0.1650179,-0.8829039,2.801349,-0.2004171,-0.9158466,2.789332,-0.1279783,-0.4022919,2.785851,-0.06300183,-0.6909515,2.713822,0.004306462,-0.8518705,2.631171,0.009675906,-0.893037,2.581775,595,Lift-your-leg-to-one-side,
48092048.0163,-0.1805172,-0.355236,2.809509,-0.1759513,-0.3031817,2.826935,-0.202249,-0.03506766,2.830596,-0.2312701,0.101898,2.815242,-0.3254378,-0.1444284,2.90552,-0.3346482,-0.2826168,3.002909,-0.3231475,-0.3644004,2.887227,-0.3280472,-0.4062698,2.88684,-0.09671454,-0.1122163,2.790654,-0.02936418,-0.2771072,2.800913,-0.02262248,-0.4042703,2.7522,-0.02055112,-0.4439095,2.749861,-0.2278623,-0.4131801,2.82041,-0.1952547,-0.6899385,2.822047,-0.1659306,-0.8836334,2.803367,-0.2000361,-0.9181279,2.79198,-0.1263072,-0.400191,2.78836,-0.06169656,-0.6890499,2.712849,0.003567467,-0.8511747,2.631792,0.01062747,-0.8924479,2.581344,595,Lift-your-leg-to-one-side,
48092080.0181,-0.1793682,-0.3529376,2.80939,-0.1750652,-0.3011738,2.828515,-0.2020203,-0.03391244,2.83123,-0.2310998,0.1015591,2.815198,-0.3267198,-0.1408595,2.901952,-0.3456567,-0.2817457,2.948181,-0.3322329,-0.3346756,2.808371,-0.3371325,-0.3765449,2.807985,-0.09653082,-0.1108799,2.797442,-0.02964453,-0.2758002,2.80862,-0.02246655,-0.4035361,2.76188,-0.02020368,-0.4467829,2.758402,-0.2270662,-0.4103501,2.816725,-0.1955418,-0.6882949,2.82245,-0.1674678,-0.8818893,2.802673,-0.1999322,-0.9183131,2.79257,-0.1233934,-0.3973032,2.791471,-0.06169598,-0.6890376,2.712845,0.0009086332,-0.8522002,2.636975,0.01129152,-0.8918611,2.583462,595,Lift-your-leg-to-one-side,
